iter	Logloss	Accuracy
0	0.6837509855	0.8031111	0.675152668	0.7962	02	0.6695416148	0.733	0.3	0.6595409928	0.4	4	044	0.6509321281	055	0.555	0.6460116976	0.6376	66	0.6390851827	0.637	07	0.63193678268	0.688	08	0.62416603199	0.9	9	9	0.6175998410	10	10	110	0.610977051111	0.11111	0.604971511112	0.12	12	0.59908297113	13	0.513	0.594591831414	0.58414	0.588418815	015	0.57915	0.581161616	16	0.574216	0.1717	017	017	0.571017	18	0.571818	0.566081611919	0.519	19	0.562571920	20	0.520	0.5573829520221	0.2121	0.5526171721222222	22	0.548544783222323	23	0.5446282952	0224	024	0.5418064238	025	0.5525	0.5378385722	026	0.26	0.5348615157	27	0.5427	0.5326098851	28	0.53928	0.5305071552929	0.5329	0.5262662630	0.53129130	0.5240646331	0.52892431	0.5209563232	0.52683232	0.5133	0.533	0.523333	0.34	0.5228334	0.34	0335	0.5211235	0.5189336	0.51998907136	0.536	037	0.5171961637	037	0.5038	0.5137638	0.5138	0.39	0.512175539	0.5139	40	0.50952531640	0.504041	0.507460601841	0.5042	0.5053019737	042	0.43	0.5040171868	0.843	0.44	0.5016413015	0.844	0445	0.4993593347	0.45	0.446	0.4983298439	046	0.4647	0.4963929236	47	0.47	48	0.49543532548	0.448	49	0.4944387449	0.449	050	0.491750050	0.4950	0.51	0.4903951	0.451	0.4852	0.489452	0.48852	0.453	0.4853	0.48753	0.47854	0.4854	0.485254	0.47655	0.55	0.48298155	0.456	0.4856	0.48253356	057	0.481457	0.48161957	058	0.480258	0.48021258	059	0.477759	0.4798459	060	0.4766460	0.4789860	61	0.47605461	0.477761	62	0.475701762	0.47706263	0.4749144963	0.4766364	0.47234864564	0.476465	0.4701243765	0.4756566	0.469135466	0.47436667	0.4686778567	0.476768	0.468586644268	0.68	69	0.46741933169	0.469	70	0.466410333870	0.70	71	0.465968729471	0.71	72	0.4655415876	72	0.7273	0.4648819441	073	0.774	0.4644731876	0.74	0.75	0.4631250434	0.75	0776	0.4615607642	0.76	7677	0.4612230068	0.7777	78	0.4607036419	0.778	0.79	0.4595726872	079	0.4480	0.4591981735	80	0.44781	0.458611536581	0.446982	0.457961994482	0.446483	0.45642337683	0.4456784	0.45538909984	0.4449185	0.45508718285	0.4445886	0.45474288686	0.4448687	0.45430858787	0.448788	0.454074618888	0.88	089	0.45321246889	0.89	0.90	0.4529355690	0.90	0.491	0.452652491	0.91	0.4392	0.45242892	0.92	0.43993	0.45156893	093	0.438694	0.45140694	94	0.4384195	0.4509119595	0.43762096	0.450673996	0.437582897	0.4504297	0.43753569898	0.449998	0.437387071199	0.44999	0.4367018113	100	0.4100	0.4357381029	101	0.1101	0.435010778	0.10102102	0.4348038714	0.103	0103	0.4346006015	104	0.4104	0.434255907105	0.435105	0.432992106	0.4352723106	0.432107	0.4348927226107	0.108	0.4345575862	0.108109	0.4343654429	0.82
110	0.4339978115	0.821251111	0.433815865	0.82375
112	0.4336384099	0.82375
113	0.4331508377	0.82
114	0.4324565407	0.82
115	0.4322553547	0.81875
116	0.4319620823	0.82
117	0.4318702172	0.82
118	0.431662863	0.82375
119	0.4315875182	0.82375
120	0.431259881	0.82125
121	0.4306292835	0.825
122	0.4304984395	0.825
123	0.4301982376	0.825
124	0.4297196597	0.823751125	0.4293653745	0.8225
126	0.4288574191	0.8225
127	0.4284193955	0.8225
128	0.4277982489	0.8225
129	0.4272174034	0.8225
130	0.4271564668	0.8225
131	0.4269422897	0.8225
132	0.4265531932	0.8225
133	0.4249595977	0.82375
134	0.4239258527	0.823751135	0.4237814257	0.823751136	0.423668846	0.823131137	0.4235704684	0.137137138	0.4232931304138	0138	139	0.4220468139	0.4139	140	0.42183140	0.422140141	0.4216141	0.422381142142	0.4142	0.4222143	0.43143	143	0.4221144	0.43370144	0.42199145	0.43356145	0.42195146	0.43355146	0.42175147	0.43331147	0.42158148	0.43298148	0.42158194149	0.43149	0.4210816457150	0.150	0.4205411057	0.151151	0.4201110613	0.821152152	0.4196323259	0.821153153	0.4195359232	0.821154154	0.4193871033	0.821155155	0.4193680346	0.156	0.156	0.4193573801157	0.431157	0.4190555158	0.43180158	0.41894159	0.43160134159	0.41853160	0.43152462160	0.41808161	0.43143616161	0.41784162	0.431162	0162	0.4177163	0.43163	0.4163	0.4175164	0.164	0.416164	0.4174165	165	0.41668165	0.417166166	0.4166423166	0.4171167	0.416535450167	0.41168	0.4165291072168	0.4169	0.4164392435	0169	0170	0.4164189427	0.8170171	0.4163210636	0.8251172	0.4158692479	0.825
173	0.4158665501	0.825
174	0.4152930904	0.825
175	0.4147140549	0.825
176	0.4146469367	0.825
177	0.4144176051	0.825
178	0.4143585378	0.825
179	0.4141714768	0.825
180	0.4141681729	0.825
181	0.413702098	0.825
182	0.4134610303	0.825
183	0.4133097294	0.825
184	0.4130531079	0.825
185	0.4129110505	0.825
186	0.4126974841	0.825
187	0.4126329634	0.825
188	0.4123949824	0.82625
189	0.4123293639	0.82625
190	0.4121607901	0.82625
191	0.4119382261	0.82625
192	0.4115222173	0.82625
193	0.4114514837	0.82625
194	0.4113410524	0.82625
195	0.4112945799	0.82625
196	0.4112710081	0.826251197	0.4112164972	0.826197198	0.4111464358	0.8198	0199	0.4111133954	0199	0.4200	0.4110422209200	0.422201	0.41103537201	0.42229202	0.410965202	0.4221455203	0.4108203	0.421949338204	0.41204	0.4219476189	205	0.205	0.4219425423	0.206	206	0.4218484633	0.8120207	0.421686656	0.815
208	0.4215355859	0.815
209	0.421534072	0.815
210	0.4214718185	0.815
211	0.4214524971	0.815
212	0.421396182	0.815
213	0.4209710994	0.815
214	0.4209299573	0.815
215	0.4208423612	0.815
216	0.4202254155	0.815
217	0.4198799333	0.815
218	0.4198788348	0.815
219	0.4197788978	0.815
220	0.4197273986	0.815
221	0.4196085739	0.815
222	0.4195845158	0.815
223	0.4193812278	0.815
224	0.4191741125	0.815
225	0.4191167214	0.815
226	0.4189726674	0.815
227	0.4189029554	0.815
228	0.418858246	0.815
229	0.418659178	0.815
230	0.4185135674	0.815
231	0.4183799095	0.815
232	0.4183234212	0.815
233	0.418198375	0.815
234	0.4181020752	0.815
235	0.418026274	0.815
236	0.4179975016	0.815
237	0.4178203735	0.81625
238	0.4178110938	0.81625
239	0.4176534751	0.81625
240	0.4175803045	0.81625
241	0.4175630585	0.81625
242	0.4172414744	0.81625
243	0.4171581673	0.81625
244	0.4171557985	0.81625
245	0.4171012209	0.81625
246	0.4171010335	0.81625
247	0.4170931212	0.81625
248	0.416943505	0.81625
249	0.4168923582	0.81625
250	0.4168253753	0.81625
251	0.4168236776	0.81625
252	0.4166927781	0.81625
253	0.4165264903	0.81625
254	0.4163319692	0.81625
255	0.4163207877	0.81625
256	0.4163172734	0.81625
257	0.4163093203	0.81625
258	0.416078628	0.81625
259	0.4160130172	0.81625
260	0.4160111366	0.81625
261	0.4158178607	0.81625
262	0.4157401926	0.81625
263	0.4157384069	0.81625
264	0.4157302322	0.81625
265	0.4156435253	0.81625
266	0.4155981354	0.81625
267	0.4154536028	0.81625
268	0.4154432737	0.81625
269	0.415427777	0.81625
270	0.4153426744	0.815
271	0.4151963581	0.815
272	0.4151639419	0.81625
273	0.4150558989	0.81625
274	0.4148514662	0.8175
275	0.4147805781	0.8175
276	0.4147429139	0.8175
277	0.4146565073	0.8175
278	0.4145056121	0.8175
279	0.4144167332	0.8175
280	0.4143805284	0.8175
281	0.4143307005	0.8175
282	0.4142938443	0.8175
283	0.4142814071	0.8175
284	0.4142597297	0.8175
285	0.4142188701	0.8175
286	0.4141972623	0.8175
287	0.4141266657	0.8175
288	0.4141266339	0.8175
289	0.414091824	0.8175
290	0.4140867908	0.8175
291	0.4140111551	0.8175
292	0.4139971608	0.8175
293	0.4139971366	0.8175
294	0.4139165054	0.8175
295	0.413783818	0.8175
296	0.4137659592	0.8175
297	0.4135475976	0.81875
298	0.4135466405	0.8175
299	0.4134907331	0.81875
300	0.4134800616	0.81875
301	0.4134488352	0.81875
302	0.413360231	0.81875
303	0.4133028935	0.81875
304	0.4132919784	0.81875
305	0.4130919283	0.81875
306	0.4130564207	0.81875
307	0.4130273912	0.81875
308	0.4129576313	0.81875
309	0.4129347998	0.81875
310	0.4129346755	0.81875
311	0.4128561864	0.81875
312	0.412856178	0.81875
313	0.4125383043	0.81875
314	0.4125043733	0.81875
315	0.4123842805	0.81875
316	0.4123842161	0.81875
317	0.412381512	0.82
318	0.4122706309	0.818753319	0.4122580875	0.8320	0320	0.4119435445	321	0.39321	0.41173380322	0.3322	0.411700900323	0.3323	0.41166414	324	0324	0.4116631753325	0.325	0.4115658756326	0.326	0.411561769327	0.3327	0.411536093328	0.3328	0.411334372329	0.3329	0.411334370330	0.3330	0.411290602331	0.3971331	0.410998332	0.3969979332	0.410333	0.3967727979333	0.334	0.3967221347	0.334335	0.3967083179	0.83
336	0.3966459772	0.83
337	0.39661797	0.83
338	0.3964344822	0.83
339	0.3960564188	0.83
340	0.396036112	0.83
341	0.3960194525	0.83
342	0.3959338222	0.83
343	0.3959307928	0.83
344	0.3959124864	0.83
345	0.3957823179	0.83
346	0.3952910752	0.83
347	0.3951933457	0.83
348	0.3950682659	0.83
349	0.3950681097	0.83
350	0.3950321799	0.83
351	0.3950320694	0.83
352	0.3949808068	0.83
353	0.3948943703	0.83
354	0.394894171	0.83
355	0.394626424	0.83
356	0.3946147785	0.83
357	0.3945591492	0.83
358	0.3945446695	0.83
359	0.3944992517	0.83
360	0.3944992516	0.83
361	0.3944276892	0.83
362	0.3944239695	0.83
363	0.3943528268	0.83
364	0.3942752404	0.83
365	0.3942639258	0.83
366	0.3942463452	0.83
367	0.3942149543	0.83
368	0.3938998986	0.83
369	0.3937556197	0.83
370	0.3937273393	0.83
371	0.3936931467	0.83
372	0.3935538087	0.83
373	0.3935008317	0.83
374	0.3935008316	0.83
375	0.3934996535	0.83
376	0.3934476542	0.83
377	0.3934349907	0.83
378	0.3933467526	0.83
379	0.3933430453	0.83
380	0.3933183393	0.83
381	0.3933034481	0.83
382	0.393303137	0.83
383	0.3931776192	0.83
384	0.393147581	0.83
385	0.3931331866	0.83
386	0.3931073482	0.83
387	0.3930451433	0.83
388	0.3930367091	0.83
389	0.3929963906	0.83
390	0.3929789149	0.83
391	0.3929630707	0.83
392	0.3929630541	0.83
393	0.3929202241	0.83
394	0.392914685	0.83
395	0.392912672	0.83
396	0.3928532611	0.83
397	0.3928473971	0.83
398	0.3928462209	0.83
399	0.3926185122	0.83
400	0.3925771672	0.83
401	0.3925632137	0.83
402	0.3925426664	0.83
403	0.3925320762	0.83
404	0.3925164042	0.83
405	0.3924472954	0.83
406	0.3924468555	0.83
407	0.3924032808	0.83
408	0.392342618	0.83
409	0.3923425098	0.83
410	0.3921258139	0.83
411	0.3919559474	0.83
412	0.3919387781	0.83
413	0.3919387212	0.83
414	0.3919072534	0.83
415	0.3918560773	0.83
416	0.391686512	0.83
417	0.3914972796	0.83
418	0.3914408841	0.83
419	0.3913901606	0.83
420	0.39120075	0.83
421	0.3911105742	0.83
422	0.3911101131	0.83
423	0.391059781	0.83
424	0.3910406623	0.83
425	0.3910272884	0.83
426	0.3909150568	0.83
427	0.3909116323	0.83
428	0.3908367393	0.83
429	0.3907877182	0.83
430	0.3907860103	0.83
431	0.3905255444	0.83125
432	0.3904751361	0.8325
433	0.390473865	0.8325
434	0.3903946262	0.8325
435	0.3902190551	0.83
436	0.390188813	0.83125
437	0.390151211	0.8325
438	0.3900887115	0.8325
439	0.3900409351	0.8325
440	0.3899380788	0.8325
441	0.3896336075	0.83375
442	0.3895819289	0.83375
443	0.3895746979	0.83375
444	0.3894118656	0.83375
445	0.389358682	0.83375
446	0.3892813449	0.83375
447	0.3891293899	0.83375
448	0.3889919473	0.83375
449	0.3887187479	0.83375
450	0.3885805531	0.83375
451	0.3883822535	0.8325
452	0.3883166697	0.8325
453	0.3882139122	0.8325
454	0.3882128549	0.8325
455	0.388191571	0.8325
456	0.3881824024	0.8325
457	0.3879315372	0.83375
458	0.3878612326	0.83375
459	0.3878536273	0.83375
460	0.3876506848	0.83375
461	0.3876382466	0.83375
462	0.3875944026	0.83375
463	0.3875577808	0.83375
464	0.387390539	0.83375
465	0.3873821687	0.83375
466	0.3873440941	0.83375
467	0.3871840892	0.83375
468	0.3870817451	0.83375
469	0.3870286394	0.83375
470	0.3869894147	0.83375
471	0.3869528182	0.83375
472	0.3868862355	0.83375
473	0.3868858064	0.83375
474	0.3866938225	0.83375
475	0.3864506847	0.83375
476	0.3860987897	0.83375
477	0.3860086108	0.83375
478	0.3859425401	0.83375
479	0.3858314717	0.83375
480	0.3856984056	0.83375
481	0.3856651923	0.83375
482	0.3854142476	0.83375
483	0.3853745138	0.83375
484	0.3853695224	0.83375
485	0.385145549	0.83375
486	0.3850686986	0.83375
487	0.3850399112	0.83375
488	0.3849791515	0.83375
489	0.3848600168	0.83375
490	0.3848448973	0.835
491	0.3848442875	0.835
492	0.3847132393	0.835
493	0.3846955938	0.835
494	0.3842429053	0.835
495	0.3842004195	0.835
496	0.3841934797	0.835
497	0.3840126141	0.835
498	0.3839347872	0.835
499	0.3839269296	0.835
500	0.383860596	0.83625
501	0.3836499975	0.83625
502	0.3832318597	0.83625
503	0.3831366674	0.83625
504	0.3830794989	0.83625
505	0.3830682676	0.83625
506	0.3830025311	0.83625
507	0.3827862663	0.83625
508	0.3825708302	0.83625
509	0.382550662	0.83625
510	0.3822467136	0.8375
511	0.382091097	0.83875
512	0.3819796329	0.83875
513	0.3818370727	0.83875
514	0.3817729391	0.83875
515	0.3817616923	0.83875
516	0.3815725115	0.83875
517	0.3815552818	0.83875
518	0.381452271	0.83875
519	0.3814384077	0.83875
520	0.3812184606	0.83875
521	0.3811488273	0.83875
522	0.3810670529	0.83875
523	0.381067045	0.83875
524	0.3808365959	0.83875
525	0.3806930734	0.83875
526	0.3806249203	0.83875
527	0.3805212111	0.83875
528	0.3804341043	0.83875
529	0.3802785217	0.83875
530	0.3800663021	0.838755531	0.3799692983	0.83531	532	0.3799258	0.8532	0533	0.3796460581	533	0.39534	0.37939499534	0.39884535	0.37931535	0.39870408536	0.37536	0.3986918118	537	0537	0.3985408737	0.538538	0.3985375862	0.539539	0.3983590724	0.540540	0.3983571978	0.541541	0.3982900258	0.542542	0.3980982344	0.543543	0.3980856211	0.544544	0.3980856111	0.545545	0.3980536594	0.546546	0.3978920171	0.547547	0.3978431591	0.548548	0.3976754188	0.549549	0.39767095	0.825550	0.3976564248	0.825551	0.3976536131	0.825552	0.3975546187	0.825553	0.3975546105	0.82
554	0.3970804182	0.82125
555	0.3969860621	0.8225
556	0.3968662631	0.8225
557	0.3968064528	0.8225
558	0.3965817463	0.8225
559	0.3965155768	0.8225
560	0.3963926501	0.8225
561	0.3961201384	0.8225
562	0.3960700486	0.8225
563	0.3960426008	0.8225
564	0.3960425922	0.8225
565	0.3959050748	0.8225
566	0.395806416	0.8225
567	0.3956735904	0.8225
568	0.395481756	0.8225
569	0.3954248158	0.8225
570	0.395420418	0.8225
571	0.3950354615	0.8225
572	0.3949529698	0.82375
573	0.3949267575	0.82375
574	0.3949267493	0.82375
575	0.3949240499	0.82375
576	0.3946624077	0.82375
577	0.3944620821	0.825
578	0.3943882581	0.82375
579	0.3943822927	0.825
580	0.3943455747	0.82375
581	0.3942931819	0.82375
582	0.3941604365	0.825
583	0.3939721727	0.8275
584	0.3939605617	0.8275
585	0.3939576453	0.8275
586	0.3938125618	0.8275
587	0.3938017927	0.8275
588	0.3937991827	0.8275
589	0.3937467733	0.8275
590	0.3935121661	0.82625
591	0.3934241517	0.8275
592	0.3934215449	0.8275
593	0.3933472078	0.82625
594	0.3931624426	0.82625
595	0.3930694124	0.82625
596	0.3930666422	0.82625
597	0.3929941234	0.82625
598	0.3929420819	0.82625
599	0.3929413895	0.82625
600	0.392917566	0.82625
601	0.3928775559	0.82625
602	0.3926549455	0.82625
603	0.3926328309	0.82625
604	0.3926303382	0.82625
605	0.3925446193	0.82625
606	0.3924360917	0.82625
607	0.3923768534	0.82625
608	0.3922600187	0.82625
609	0.3922338079	0.82625
610	0.3921985482	0.82625
611	0.3919875326	0.82625
612	0.3919231639	0.82625
613	0.3919231584	0.82625
614	0.3919207623	0.82625
615	0.3918737212	0.82625
616	0.3918696324	0.82625
617	0.391850604	0.82625
618	0.3917087422	0.8275
619	0.3915996238	0.8275
620	0.3913843771	0.8275
621	0.3913821316	0.8275
622	0.3912996799	0.8275
623	0.3912962219	0.8275
624	0.3909538199	0.8275
625	0.3908367417	0.8275
626	0.3907789012	0.8275
627	0.3907128838	0.8275
628	0.3906673613	0.8275
629	0.3905610297	0.8275
630	0.3904922667	0.8275
631	0.3904606649	0.8275
632	0.3903993502	0.8275
633	0.3903796772	0.8275
634	0.3903767631	0.8275
635	0.3903335443	0.8275
636	0.3901436815	0.8275
637	0.3899678229	0.8275
638	0.3899678187	0.8275
639	0.3898770122	0.8275
640	0.3898749213	0.8275
641	0.3898552771	0.8275
642	0.3898061383	0.8275
643	0.3897852097	0.8275
644	0.3893337891	0.8275
645	0.3892744144	0.8275
646	0.3892744088	0.8275
647	0.3892744034	0.8275
648	0.3891462875	0.8275
649	0.3891441986	0.8275
650	0.3891217616	0.8275
651	0.3890300878	0.8275
652	0.3890266429	0.8275
653	0.3889219685	0.82875
654	0.3889199731	0.82875
655	0.388917983	0.82875
656	0.3886391942	0.83
657	0.3885073057	0.83
658	0.3884624317	0.82875
659	0.3884119659	0.82875
660	0.3882789333	0.83
661	0.3882108078	0.83
662	0.3881629282	0.83
663	0.3880982545	0.83
664	0.3879921016	0.83
665	0.3877414192	0.83125
666	0.3877329607	0.83125
667	0.3877308999	0.83125
668	0.3876348074	0.83125
669	0.3875693797	0.83125
670	0.3875330501	0.83125
671	0.3874970608	0.83125
672	0.3874947035	0.83125
673	0.3874921332	0.83125
674	0.3873556118	0.83125
675	0.3873009864	0.83125
676	0.387074649	0.83125
677	0.3870214287	0.83125
678	0.3870214262	0.83125
679	0.3866923402	0.83125
680	0.3864934369	0.8325
681	0.3864430986	0.8325
682	0.3864412957	0.8325
683	0.3862434499	0.8325
684	0.3858989232	0.8325
685	0.3858986964	0.8325
686	0.3858978823	0.8325
687	0.3857877206	0.8325
688	0.3856878212	0.83375
689	0.38568502	0.83375
690	0.3856500049	0.83375
691	0.3854750797	0.83375
692	0.3853814715	0.8325
693	0.3853120075	0.8325
694	0.3853056454	0.8325
695	0.3852085858	0.8325
696	0.3851846857	0.8325
697	0.3851161308	0.8325
698	0.3851161274	0.8325
699	0.3850195508	0.8325
700	0.3848295185	0.8325
701	0.384754733	0.83375
702	0.3847531074	0.83375
703	0.3846953709	0.83625
704	0.3846896112	0.83625
705	0.3846879823	0.83625
706	0.3846737005	0.83625
707	0.3844831036	0.835
708	0.384437785	0.835
709	0.3844361596	0.835
710	0.3844361572	0.835
711	0.3843026325	0.835
712	0.384280817	0.835
713	0.3842792181	0.835
714	0.3840774266	0.835
715	0.3838171835	0.835
716	0.3838140999	0.835
717	0.3836133178	0.835
718	0.3836117551	0.835
719	0.3836101054	0.835
720	0.3834849359	0.835
721	0.3834834154	0.835
722	0.3834697511	0.835
723	0.3834697497	0.835
724	0.3833202055	0.835
725	0.3832704088	0.835
726	0.3832178839	0.835
727	0.3832031475	0.835
728	0.3831510875	0.835
729	0.3831510875	0.835
730	0.3831495856	0.835
731	0.3830748625	0.835
732	0.3830713597	0.835
733	0.3830269552	0.835
734	0.3829639837	0.835
735	0.3829639826	0.835
736	0.3829419869	0.835
737	0.3829404921	0.835
738	0.3828459783	0.835
739	0.382845977	0.835
740	0.3826304458	0.835
741	0.3825329868	0.835
742	0.3825329857	0.835
743	0.3825329848	0.835
744	0.3823786815	0.835
745	0.3822752555	0.835
746	0.3822466305	0.835
747	0.3822422254	0.835
748	0.3822070722	0.835
749	0.3820105164	0.835
750	0.3818893496	0.835
751	0.3818859024	0.835
752	0.3818724148	0.835
753	0.3818724148	0.835
754	0.381737339	0.835
755	0.3817373379	0.835
756	0.3817212657	0.835
757	0.3815770093	0.835
758	0.3815605846	0.835
759	0.3815497209	0.835
760	0.3814999391	0.835
761	0.3813926038	0.835
762	0.3813926024	0.835
763	0.3813164106	0.835
764	0.3812516773	0.835
765	0.3812516759	0.835
766	0.3811731842	0.835
767	0.38108479	0.835
768	0.3809381879	0.83625
769	0.380938187	0.83625
770	0.3807902476	0.835
771	0.3807747759	0.835
772	0.3806934561	0.835
773	0.3805123057	0.835
774	0.3804196832	0.835
775	0.3801232346	0.835
776	0.3800733392	0.835
777	0.3800720531	0.835
778	0.3800111121	0.835
779	0.3800111119	0.835
780	0.3800111118	0.835
781	0.3799977248	0.835
782	0.3798844547	0.835
783	0.3798826028	0.835
784	0.3798826021	0.835
785	0.3798826021	0.835
786	0.379813434	0.83625
787	0.3797162143	0.835
788	0.3796565065	0.835
789	0.3796565065	0.835
790	0.3795384074	0.835
791	0.3795371615	0.835
792	0.3795370669	0.835
793	0.3794290218	0.83625
794	0.3794173518	0.83625
795	0.3792978881	0.83625
796	0.3792381365	0.83625
797	0.37902047	0.83625
798	0.37902047	0.83625
799	0.3790192468	0.83625
800	0.3790157812	0.83625
801	0.3788063093	0.83625
802	0.3785864129	0.83625
803	0.3785864129	0.83625
804	0.378583131	0.83625
805	0.3785719062	0.83625
806	0.3785288148	0.8375
807	0.3785288145	0.8375
808	0.3784302381	0.8375
809	0.3784226024	0.8375
810	0.3783470917	0.83625
811	0.3781803749	0.8375
812	0.3781740072	0.8375
813	0.3781610126	0.8375
814	0.3780064535	0.8375
815	0.3780064532	0.8375
816	0.3779287294	0.83625
817	0.3779171608	0.83625
818	0.3778586902	0.8375
819	0.377812494	0.8375
820	0.3777905538	0.8375
821	0.3776965258	0.8375
822	0.37767341	0.8375
823	0.3774888653	0.8375
824	0.377419038	0.8375
825	0.3774098731	0.8375
826	0.3773843313	0.8375
827	0.3771944831	0.8375
828	0.3771289953	0.8375
829	0.3769149407	0.8375
830	0.3767612413	0.8375
831	0.3766729346	0.8375
832	0.3766471063	0.8375
833	0.3766224884	0.8375
834	0.3765801791	0.8375
835	0.3765765654	0.8375
836	0.3765765649	0.8375
837	0.3763648469	0.8375
838	0.376337919	0.8375
839	0.3760158292	0.8375
840	0.3759532296	0.8375
841	0.3757657087	0.8375
842	0.3755946791	0.8375
843	0.3755946771	0.8375
844	0.3755823648	0.8375
845	0.3755222166	0.83875
846	0.3755043419	0.83875
847	0.37550434	0.83875
848	0.3754950714	0.838784849	0.3754935897	0.8849	0850	0.3754764725	850	0.36851	0.37534610851	0.36852	0.37532217852	0.36853	0.37524378853	0.36916854	0.37522854	0.36915025855	0.37855	0.368904841	0856	0.3856	0.3688547708	0857	0.3857	0.3688132733	858	0.37858	0.3687992872	859	0.37859	0.3686862502	860	0.37860	0.3685982118	861	0.37861	0.3685539132	862	0.37862	0.3684649304	863	0.37863	0.3683367527	864	0.37864	0.36831813865	0.37458865	0.36821411866	0.37452866	0.36818960867	0.37450867	0.36816609868	0.3743868	0.36816609869	0.37427869	0.3679694870	0.374229870	0.367947871	0.3742271871	0.36782872	0.37419281872	0.3677873	0.374172824873	0.36874	0.3741550077874	0.36875	0.3740553817	875	0.3876	0.3738667821	0876	0.877	0.3738572318	0.877	0878	0.3738563165	0.8878	879	0.3738453685	0.84879880	0.3738295056	0.84288881	0.3738271617	0.84258882	0.373580162	0.8425
883	0.3735182806	0.8425
884	0.3734884937	0.8425
885	0.3733885425	0.84125
886	0.3733506693	0.8425
887	0.3733404563	0.8425
888	0.3733309077	0.8425
889	0.3732891399	0.8425
890	0.3732731133	0.8425
891	0.373271736	0.8425
892	0.37326386	0.8425
893	0.3732579179	0.8425
894	0.3732496385	0.8425
895	0.3732466749	0.8425
896	0.3732302755	0.8425
897	0.373223343	0.8425
898	0.3732167114	0.8425
899	0.3732066439	0.8425
900	0.373200613	0.8425
901	0.3731993317	0.8425
902	0.3731967013	0.8425
903	0.3731953979	0.8425
904	0.3731928116	0.8425
905	0.3731928106	0.8425
906	0.3730692783	0.8425
907	0.3730595293	0.8425
908	0.3730587127	0.8425
909	0.3730508727	0.8425
910	0.3727776637	0.8425
911	0.3727440772	0.8425
912	0.3727301925	0.8425
913	0.3727232535	0.8425
914	0.3725233491	0.84375
915	0.372494762	0.84375
916	0.3722285396	0.84375
917	0.3722215421	0.84375
918	0.3720318746	0.84375
919	0.3718201509	0.84375
920	0.3717412173	0.84375
921	0.3716830412	0.84375
922	0.3716712051	0.84375
923	0.3716012194	0.84375
924	0.371588472	0.84375
925	0.3715372917	0.84375
926	0.3714806344	0.84375
927	0.3714634253	0.84375
928	0.371462875	0.84375
929	0.3714417657	0.84375
930	0.3713215317	0.84375
931	0.3712510615	0.843759932	0.3710790949	0.843793933	0.3709156237	0.843933934	0.3709142776	0.84934	935	0.3708875842	0.8935	0936	0.3708536795	0.8936	0937	0.3705702526	0.8937	0938	0.3704918709	0.8938	0939	0.3703642582	0.939	0.940	0.3703631	0.843940941	0.3702524706	0.843941942	0.3702524697	0.84942	943	0.3701781998	0.84943	944	0.3701635655	0.84944	945	0.3701566443	0.8945	0946	0.3701107755	0.8946	0947	0.3701039728	0.8947	0948	0.3700843915	0.8948	0949	0.3700787635	0.8949	0950	0.3700753316	0.8950	0951	0.3700741824	0.8951	0952	0.370067664	0.84952	953	0.370062615	0.8953	0954	0.3698453127	0.8954	0955	0.3698181228	0.8955	0956	0.3697584354	0.8956	0957	0.3697474337	0.8957	0958	0.3697436437	0.8958	0959	0.3697374334	0.8959	0960	0.3697285402	0.8960	0961	0.3697281829	0.8961	0962	0.3697281817	0.8962	0963	0.3696596695	0963	0.3964	0.3696563376	0964	0.3965	0.3696563366	0965	0.3966	0.3696321975	0966	0.3967	0.3696065669	0967	0.3968	0.3695826569	0968	0.3969	0.3694806319	0969	0.3970	0.3693864652	0970	0.3971	0.3693029617	0971	0.3972	0.3692782648	0972	0.3973	0.369125419	0.973	0.974	0.369119693	0.8974	0975	0.3690826978	0.8975	0976	0.3689673111	0.8976	0977	0.3689505976	0.8977	0978	0.3689343029	0.8978	0979	0.368835754	0.8979	0980	0.3686957879	0.8980	0981	0.3686909725	0.8981	0982	0.3686838987	0.8982	0983	0.3686669028	0.8983	0984	0.3685763194	0.984	0.985	0.3685520472	0.985	0.986	0.3684521435	0.986	0.987	0.3684444507	0.987	0.988	0.3684339664	0988	0.3989	0.3684328935	0989	0.3990	0.3684270145990	0.360991	0.36842237991	0.36011992	0.368213992	0.3600503993	0.3682993	0.36002513994	0.368994	0.3600123795995	0.3995	0.3599882783	0996	0996	0.3599659433	0.8997997	0.3599516591	0.8499998	0.3599244844	0.845
999	0.3598962249	0.845
5
027111	0.87375
448115	0.856992993	0.3521072723	0.856993994	0.3520943249	0.856994995	0.3520891631	0.856995996	0.3520859947	0.85996	997	0.3520371498	0.8997	0998	0.3519865816	0.998	09999	0.3519865606	0999	0.3655761886	0.8475
5
999	0.3682047963	0.845
47993	0.3382360994	0.34784994	0.33819995	0.34783293995	0.33996	0.3477439637	996	0997	0.3476842683	0.899998	0.3476435431	0.86
999	0.347609987	0.86
6875
999	0.3379578509	0.86875
99	0.8501872659
812	0.3704013447	0.8501872659
813	0.3703533096	0.8501872659
814	0.3702979977	0.8501872659
815	0.3702566636	0.8501872659
816	0.3702566597	0.8501872659
817	0.3702372625	0.8501872659
818	0.3701630625	0.8501872659
819	0.3701511449	0.8501872659
820	0.37003979	0.8501872659
821	0.3699788763	0.8501872659
822	0.3699546718	0.8501872659
823	0.3698096013	0.8501872659
824	0.3697956656	0.8501872659
825	0.3697953212	0.8501872659
826	0.3697474673	0.8501872659
827	0.3696419828	0.8501872659
828	0.3696075361	0.8501872659
829	0.369595955	0.8501872659
830	0.3695868034	0.8501872659
831	0.3695773638	0.8501872659
832	0.3695585137	0.8501872659
833	0.3695346603	0.8501872659
834	0.3693973376	0.8501872659
835	0.3693961906	0.8501872659
836	0.3692561415	0.8501872659
837	0.3691966699	0.8501872659
838	0.3690137099	0.8501872659
839	0.3690017471	0.8501872659
840	0.3689789878	0.8501872659
841	0.3689580791	0.8501872659
842	0.3689224672	0.8501872659
843	0.3687310904	0.8501872659
844	0.368653528	0.8501872659
845	0.3686458863	0.8501872659
846	0.3686384568	0.8501872659
847	0.3686382025	0.8501872659
848	0.3685048809	0.8501872659
849	0.3683857487	0.8501872659
850	0.368234645	0.8501872659
851	0.3682055659	0.8501872659
852	0.368180478	0.8501872659
853	0.3681789492	0.8501872659
854	0.3680589866	0.8501872659
855	0.3679637272	0.8501872659
856	0.367349579	0.8514357054
857	0.3673189528	0.8514357054
858	0.3672838831	0.8514357054
859	0.3671943089	0.8514357054
860	0.3671249246	0.8514357054
861	0.3668291665	0.8526841448
862	0.3668042502	0.8526841448
863	0.3667638647	0.8526841448
864	0.3667498206	0.8526841448
865	0.3667498197	0.8526841448
866	0.3667025621	0.8526841448
867	0.3666775577	0.8526841448
868	0.3666767359	0.8526841448
869	0.3665846922	0.8526841448
870	0.3665063392	0.8526841448
871	0.3664964063	0.8526841448
872	0.3664964062	0.8526841448
873	0.3662461717	0.8526841448
874	0.3660461282	0.8539325843
875	0.3659136292	0.8539325843
876	0.3655904305	0.8539325843
877	0.3654479613	0.8526841448
878	0.36537482	0.8539325843
879	0.3653232049	0.8539325843
880	0.3652902041	0.8539325843
881	0.3649167426	0.8564294632
882	0.3647884234	0.8564294632
883	0.3647684299	0.8564294632
884	0.3647569052	0.8564294632
885	0.3645625957	0.8564294632
886	0.3641880918	0.8576779026
887	0.364115341	0.8576779026
888	0.3640820089	0.8576779026
889	0.363987298	0.8576779026
890	0.3638980282	0.8576779026
891	0.3638626527	0.8576779026
892	0.36373213	0.8576779026
893	0.3635968984	0.8576779026
894	0.3633312497	0.8576779026
895	0.3632854002	0.8576779026
896	0.3631498532	0.8576779026
897	0.363026414	0.8576779026
898	0.3628863704	0.8576779026
899	0.3628597048	0.8576779026
900	0.3628430182	0.8576779026
901	0.3628392278	0.8576779026
902	0.3628345598	0.8576779026
903	0.3627223267	0.8576779026
904	0.3625555557	0.8576779026
905	0.3624108768	0.8576779026
906	0.3623669808	0.8576779026
907	0.3623068653	0.8576779026
908	0.3622211933	0.8576779026
909	0.362163672	0.8576779026
910	0.3621501868	0.8576779026
911	0.3619132511	0.8576779026
912	0.3619008004	0.8576779026
913	0.3618224869	0.8576779026
914	0.3617837179	0.8576779026
915	0.3617800868	0.8576779026
916	0.3616673543	0.8576779026
917	0.361611704	0.8576779026
918	0.3615515599	0.8576779026
919	0.361550111	0.8576779026
920	0.3614812484	0.8576779026
921	0.3614697001	0.8576779026
922	0.3613638877	0.8576779026
923	0.3613638875	0.8576779026
924	0.3613371083	0.8576779026
925	0.3612708014	0.8576779026
926	0.3612622521	0.8576779026
927	0.3612474976	0.8576779026
928	0.3612365973	0.8576779026
929	0.3611320101	0.8576779026
930	0.3610927478	0.8576779026
931	0.3610927477	0.8576779026
932	0.3610163063	0.8576779026
933	0.3610160587	0.8576779026
934	0.3610094272	0.8576779026
935	0.3608357082	0.8576779026
936	0.3608158095	0.8576779026
937	0.3608116394	0.8576779026
938	0.3607448914	0.8576779026
939	0.3607438512	0.8576779026
940	0.3604056949	0.8576779026
941	0.3602158016	0.8576779026
942	0.3600829105	0.8564294632
943	0.3600383527	0.8564294632
944	0.3599038481	0.8576779026
945	0.3597386576	0.8576779026
946	0.3597386575	0.8576779026
947	0.3595851867	0.8576779026
948	0.3595635596	0.8576779026
949	0.3595026157	0.8576779026
950	0.3594783724	0.8576779026
951	0.3594059503	0.8576779026
952	0.3593486958	0.8576779026
953	0.3592861397	0.8589263421
954	0.3592838511	0.8589263421
955	0.3592648169	0.8589263421
956	0.3592565268	0.8589263421
957	0.359247594	0.8589263421
958	0.3591575101	0.8601747815
959	0.3591543697	0.8601747815
960	0.3588307026	0.8601747815
961	0.3588023696	0.8601747815
962	0.3587489738	0.8601747815
963	0.3587164966	0.8601747815
964	0.3586824897	0.861423221
965	0.3585856617	0.861423221
966	0.3585428289	0.8601747815
967	0.3585247104	0.8601747815
968	0.3584654025	0.8601747815
969	0.3584652754	0.8601747815
970	0.3583066733	0.861423221
971	0.3583012044	0.861423221
972	0.3582350867	0.8601747815
973	0.3581805962	0.861423221
974	0.3581634001	0.861423221
975	0.3581506835	0.861423221
976	0.3580388764	0.861423221
977	0.3578018659	0.861423221
978	0.3574800608	0.8601747815
979	0.3574500213	0.8601747815
980	0.35729357	0.8601747815
981	0.3572544152	0.8601747815
982	0.3572103684	0.8601747815
983	0.3571990138	0.8601747815
984	0.3571838519	0.8601747815
985	0.3571798241	0.8601747815
986	0.3571629864	0.8601747815
987	0.3567842928	0.8589263421
988	0.3566506063	0.8601747815
989	0.3566427605	0.8601747815
990	0.3566053954	0.8589263421
991	0.3566050743	0.8589263421
992	0.3565382227	0.8589263421
993	0.3565300961	0.8589263421
994	0.3565166732	0.8589263421
995	0.3565142273	0.8589263421
996	0.3564715615	0.8589263421
997	0.356471368	0.8589263421
998	0.3563373907	0.8589263421
999	0.3562803176	0.8589263421
